time,seconds_elapsed,z,y,x
1761395852541400000,0.146400146484375,0.004734066314995289,-0.008399149402976036,-0.022906772792339325
1761395852560778000,0.165778076171875,0.008399149402976036,-0.012064233422279358,-0.017714571207761765
1761395852580156000,0.185156005859375,0.007177455350756645,0.007024743594229221,-0.0038177953101694584
1761395852599533800,0.204533935546875,0.00992626789957285,0.017714571207761765,-0.007482878863811493
1761395852618911700,0.223911865234375,0.005650337319821119,0.004886778071522713,-0.0050394898280501366
1761395852638289700,0.24328955078125,0.0035123717971146107,-0.002748812548816204,-0.011606098152697086
1761395852657667600,0.26266748046875,0.0050394898280501366,-0.00030542362947016954,0.0022906772792339325
1761395852677045500,0.28204541015625,0.0050394898280501366,0.0009162708884105086,0.004734066314995289
1761395852696423400,0.30142333984375,0.006261184345930815,-0.0015271181473508477,0.0010689827613532543
1761395852715801000,0.320801025390625,0.008704573847353458,0.002748812548816204,0.0065666078589856625
1761395852735179000,0.340178955078125,0.009620844386518002,0.01572931744158268,0.007024743594229221
1761395852754557000,0.359556884765625,0.011147962883114815,0.0010689827613532543,-0.001985253533348441
1761395852773934800,0.378934814453125,0.009315420873463154,-0.010537114925682545,-0.00259610079228878
1761395852793312800,0.398312744140625,0.012675080448389053,-0.009315420873463154,-0.005650337319821119
1761395852812690700,0.417690673828125,0.014813045971095562,0.001985253533348441,0.0022906772792339325
1761395852832068600,0.437068603515625,0.010231691412627697,-0.003359660040587187,0.007177455350756645
1761395852851446500,0.456446533203125,0.0068720318377017975,0.0006108472589403391,0.008093725889921188
1761395852870824200,0.47582421875,0.0050394898280501366,0.0018325417768210173,0.00259610079228878
1761395852890202000,0.4952021484375,0.001985253533348441,0.0065666078589856625,0.007788302376866341
1761395852909580000,0.514580078125,-0.00259610079228878,0.0029015245381742716,0.009009997360408306
1761395852928958000,0.5339580078125,-0.0004581354442052543,0.0068720318377017975,0.0029015245381742716
1761395852948335900,0.5533359375,0.004123218823224306,0.014813045971095562,0.0029015245381742716
1761395852967713800,0.5727138671875,0.0038177953101694584,0.010689826682209969,-0.0016798300202935934
1761395852987091700,0.592091796875,-0.001374406274408102,0.00030542362947016954,-0.008857285603880882
1761395853006469600,0.6114697265625,0.0022906772792339325,-0.007024743594229221,-0.0050394898280501366
1761395853025847600,0.63084765625,0.005803049076348543,0,0.011911521665751934
1761395853045225500,0.6502255859375,0.006261184345930815,-0.002748812548816204,-0.0010689827613532543
1761395853064603100,0.66960302734375,0.0068720318377017975,0.0009162708884105086,0.004734066314995289
1761395853083981000,0.68898095703125,0.004428642801940441,0.009620844386518002,0.011911521665751934
1761395853103359000,0.70835888671875,-0.0007635590736754239,-0.0021379655227065086,-0.008857285603880882
1761395853122737000,0.72773681640625,-0.003359660040587187,-0.014660334214568138,0.0029015245381742716
1761395853142114800,0.74711474609375,0.0015271181473508477,0.001374406274408102,0.01832541823387146
1761395853161492700,0.76649267578125,0.0022906772792339325,0.005803049076348543,-0.007024743594229221
1761395853180870700,0.78587060546875,-0.001985253533348441,0.002748812548816204,-0.00916270911693573
1761395853200248300,0.805248291015625,0.0024433890357613564,0.0038177953101694584,0.012827792204916477
1761395853219626200,0.824626220703125,0.006108472589403391,0.007635590620338917,0.011606098152697086
1761395853239004200,0.844004150390625,0.005650337319821119,0.010689826682209969,-0.004734066314995289
1761395853258382000,0.863382080078125,-0.0010689827613532543,0.005650337319821119,0.007177455350756645
1761395853277760000,0.882760009765625,-0.005650337319821119,0.0010689827613532543,0.0065666078589856625
1761395853297138000,0.902137939453125,-0.00259610079228878,-0.0006108472589403391,-0.00259610079228878
1761395853316515800,0.921515869140625,0.0010689827613532543,-0.0018325417768210173,0.004428642801940441
1761395853335893500,0.9408935546875,0.0029015245381742716,-0.00519220158457756,0.004123218823224306
1761395853355271400,0.960271484375,-0.0010689827613532543,-0.006719320081174374,0.0038177953101694584
1761395853374649300,0.9796494140625,-0.0068720318377017975,0.0007635590736754239,-0.00015271181473508477
1761395853394027300,0.99902734375,-0.006261184345930815,0.008093725889921188,0.004428642801940441
1761395853413405200,1.0184052734375,-0.001374406274408102,-0.0006108472589403391,-0.00015271181473508477
1761395853432783000,1.037783203125,0.004428642801940441,-0.004275931045413017,-0.007635590620338917
1761395853452161000,1.0571611328125,0.005344913341104984,0.0021379655227065086,-0.010078979656100273
1761395853471539000,1.0765390625,0.00259610079228878,0.006719320081174374,0.0029015245381742716
1761395853490916900,1.095916748046875,-0.0007635590736754239,0.008704573847353458,0.01435491070151329
1761395853510294500,1.11529443359375,-0.004428642801940441,0.004428642801940441,0.007482878863811493
1761395853529672400,1.13467236328125,-0.005803049076348543,0.00015271181473508477,0.007788302376866341
1761395853549050400,1.15405029296875,-0.0009162708884105086,0.00015271181473508477,0.016492875292897224
1761395853568428300,1.17342822265625,0.006108472589403391,0.00519220158457756,0.01710372418165207
1761395853587806200,1.19280615234375,0.014202198944985867,0.005803049076348543,0.007482878863811493
1761395853607184100,1.21218408203125,0.012675080448389053,0.0009162708884105086,0.004123218823224306
1761395853626562000,1.23156201171875,0.008399149402976036,-0.009315420873463154,-0.004734066314995289
1761395853645940000,1.25093994140625,0.005650337319821119,-0.005497625097632408,0.0029015245381742716
1761395853665317600,1.270317626953125,0.004428642801940441,0.00030542362947016954,0.0010689827613532543
1761395853684695600,1.289695556640625,0.004428642801940441,0.002748812548816204,-0.0035123717971146107
1761395853704073500,1.309073486328125,0.0050394898280501366,0.006413896102458239,0.007635590620338917
1761395853723451400,1.328451416015625,0.0050394898280501366,0.008551862090826035,0.006413896102458239
1761395853742829300,1.347829345703125,0.00015271181473508477,0,-0.007330167107284069
1761395853762207200,1.367207275390625,-0.004428642801940441,-0.003970507066696882,-0.007330167107284069
1761395853781585200,1.386585205078125,-0.0029015245381742716,-0.004275931045413017,-0.0038177953101694584
1761395853800963000,1.405963134765625,-0.0016798300202935934,-0.0012216945178806782,-0.010995250195264816
1761395853820341000,1.425341064453125,-0.0007635590736754239,0.003359660040587187,-0.0022906772792339325
1761395853839718700,1.44471875,0.0022906772792339325,0.0021379655227065086,0.0032069480512291193
1761395853859096600,1.4640966796875,0.0007635590736754239,0.011147962883114815,0.0035123717971146107
1761395853878474500,1.483474609375,-0.0032069480512291193,-0.006108472589403391,-0.01038440316915512
1761395853897852400,1.502852294921875,-0.0029015245381742716,-0.004581354558467865,-0.0010689827613532543
1761395853917230300,1.522230224609375,-0.0029015245381742716,0.005344913341104984,0.004734066314995289
1761395853936608300,1.541608154296875,-0.0029015245381742716,0.017867282032966614,0.005955760832875967
1761395853955986200,1.560986083984375,-0.001985253533348441,0.013591351918876171,0.005344913341104984
1761395853975363800,1.58036376953125,-0.0004581354442052543,0.007635590620338917,-0.0050394898280501366
1761395853994741800,1.59974169921875,0.0007635590736754239,-0.004886778071522713,-0.007635590620338917
1761395854014119700,1.61911962890625,-0.0012216945178806782,-0.006719320081174374,0.005344913341104984
1761395854033497600,1.63849755859375,-0.0012216945178806782,0.0030542362947016954,0.010689826682209969
1761395854052875500,1.65787548828125,0.00259610079228878,-0.005803049076348543,-0.006261184345930815
1761395854072253400,1.67725341796875,0.004123218823224306,0.0021379655227065086,-0.010078979656100273
1761395854091631400,1.69663134765625,0.0068720318377017975,0.00519220158457756,-0.0007635590736754239
1761395854111009000,1.716009033203125,0.0050394898280501366,-0.0030542362947016954,0.004428642801940441
1761395854130387000,1.735386962890625,0.00259610079228878,-0.0030542362947016954,0.007177455350756645
1761395854149764900,1.754764892578125,0.0032069480512291193,0.0021379655227065086,0.005650337319821119
1761395854169142800,1.774142822265625,0.005955760832875967,0.012675080448389053,0.008551862090826035
1761395854188520700,1.793520751953125,0.011147962883114815,0.006719320081174374,0.013133215717971325
1761395854207898600,1.812898681640625,0.022601349279284477,0.007024743594229221,0.032222192734479904
1761395854227276500,1.832276611328125,0.026571854948997498,0.01588202826678753,0.046424392610788345
1761395854246654500,1.851654541015625,0.010995250195264816,0.021226942539215088,0.03161134570837021
1761395854266032400,1.871032470703125,-0.001985253533348441,0.0018325417768210173,-0.01710372418165207
1761395854285410000,1.89041015625,-0.009315420873463154,0.0035123717971146107,-0.008399149402976036
1761395854304788000,1.9097880859375,-0.009620844386518002,-0.008551862090826035,-0.008246437646448612
1761395854324166000,1.929165771484375,-0.008093725889921188,-0.014049487188458443,-0.0038177953101694584
1761395854343543800,1.948543701171875,-0.0006108472589403391,-0.004581354558467865,0.010231691412627697
1761395854362921700,1.967921630859375,0.0038177953101694584,0,-0.0035123717971146107
1761395854382299600,1.987299560546875,0.0007635590736754239,0.0024433890357613564,-0.007941014133393764
1761395854401677600,2.006677490234375,-0.005955760832875967,0.008399149402976036,0.0050394898280501366
1761395854421055200,2.02605517578125,-0.010842538438737392,0.001985253533348441,0.001985253533348441
1761395854440433200,2.04543310546875,-0.007177455350756645,0.001374406274408102,0.0022906772792339325
1761395854459811000,2.06481103515625,-0.0016798300202935934,0.0022906772792339325,-0.00015271181473508477
1761395854479189000,2.08418896484375,0.0010689827613532543,-0.0018325417768210173,-0.007788302376866341
1761395854498567000,2.10356689453125,0.0029015245381742716,-0.01572931744158268,-0.014049487188458443
1761395854517944800,2.12294482421875,0.004428642801940441,-0.0036650835536420345,0.004734066314995289
1761395854537322800,2.14232275390625,0.001374406274408102,0.007635590620338917,0.0004581354442052543
1761395854556700700,2.16170068359375,-0.0010689827613532543,0.00030542362947016954,-0.005344913341104984
1761395854576078600,2.18107861328125,-0.0007635590736754239,0,0.0010689827613532543
1761395854595456300,2.200456298828125,-0.0010689827613532543,0.008704573847353458,-0.004123218823224306
1761395854614834200,2.219834228515625,-0.0032069480512291193,0.008704573847353458,-0.0029015245381742716
1761395854634212000,2.239212158203125,-0.0035123717971146107,0.012675080448389053,0.010995250195264816
1761395854653590000,2.258590087890625,0.001374406274408102,0.005955760832875967,0.006261184345930815
1761395854672968000,2.277968017578125,0.005344913341104984,0.009315420873463154,0.010995250195264816
1761395854692345900,2.297345947265625,0.00259610079228878,0.012980503961443901,0.011300674639642239
1761395854711723800,2.316723876953125,-0.00015271181473508477,0.004581354558467865,-0.009468132629990578
1761395854731101400,2.336101318359375,-0.005344913341104984,-0.00916270911693573,-0.0035123717971146107
1761395854750479400,2.355479248046875,-0.005955760832875967,0.0004581354442052543,0.0065666078589856625
1761395854769857300,2.374857177734375,-0.005955760832875967,0.008704573847353458,-0.001985253533348441
1761395854789235200,2.394235107421875,-0.0007635590736754239,0.005955760832875967,-0.0022906772792339325
1761395854808613000,2.413613037109375,0.0032069480512291193,0.002748812548816204,0.0016798300202935934
1761395854827991000,2.432990966796875,0.0035123717971146107,0.0021379655227065086,-0.005955760832875967
1761395854847369000,2.452368896484375,0.00259610079228878,0.00030542362947016954,-0.0029015245381742716
1761395854866747000,2.471746826171875,-0.00015271181473508477,-0.0024433890357613564,-0.001374406274408102
1761395854886124500,2.49112451171875,-0.0010689827613532543,0.0015271181473508477,0.00015271181473508477
1761395854905502500,2.51050244140625,0.00015271181473508477,-0.0024433890357613564,0.001985253533348441
1761395854924880400,2.52988037109375,0.0007635590736754239,0.001374406274408102,0.004123218823224306
1761395854944258300,2.54925830078125,-0.001985253533348441,-0.0012216945178806782,0.001374406274408102
1761395854963636200,2.56863623046875,-0.0016798300202935934,-0.0015271181473508477,-0.001985253533348441
1761395854983014100,2.58801416015625,-0.0035123717971146107,0.00259610079228878,0.0016798300202935934
1761395855002392000,2.60739208984375,-0.004123218823224306,0.001374406274408102,-0.001985253533348441
1761395855021770000,2.62677001953125,0.0029015245381742716,0.015423892997205257,0.00259610079228878
1761395855041147600,2.646147705078125,0.008704573847353458,0.02626643143594265,-0.0029015245381742716
1761395855060525600,2.665525634765625,0.007482878863811493,0.011911521665751934,-0.011911521665751934
1761395855079903500,2.684903564453125,-0.0035123717971146107,-0.01435491070151329,-0.013744063675403595
1761395855099281400,2.704281494140625,-0.005497625097632408,-0.016492875292897224,0.0022906772792339325
1761395855118659300,2.723659423828125,-0.00015271181473508477,-0.00030542362947016954,0.006261184345930815
1761395855138037200,2.743037353515625,0.0022906772792339325,0.0021379655227065086,-0.010689826682209969
1761395855157415200,2.762415283203125,0.004123218823224306,0.0030542362947016954,-0.00015271181473508477
1761395855176792800,2.781792724609375,0.002748812548816204,0.0015271181473508477,0.01252236869186163
1761395855196170800,2.801170654296875,-0.0010689827613532543,-0.0024433890357613564,-0.0032069480512291193
1761395855215548700,2.820548583984375,-0.004123218823224306,-0.011606098152697086,-0.009773556143045425
1761395855234926600,2.839926513671875,-0.001985253533348441,0,-0.004123218823224306
1761395855254304500,2.859304443359375,0.005650337319821119,0.013591351918876171,0.0010689827613532543
1761395855273682400,2.878682373046875,0.0068720318377017975,0.016645587980747223,0.006719320081174374
1761395855293060400,2.898060302734375,0.0016798300202935934,-0.0021379655227065086,-0.0029015245381742716
1761395855312438300,2.917438232421875,-0.001374406274408102,0.0009162708884105086,-0.0007635590736754239
1761395855331816000,2.93681591796875,-0.00259610079228878,0.012980503961443901,-0.0035123717971146107
1761395855351193900,2.95619384765625,-0.010842538438737392,0.009009997360408306,-0.007941014133393764
1761395855370571800,2.97557177734375,-0.015423892997205257,-0.009315420873463154,0.0004581354442052543
1761395855389949700,2.99494970703125,-0.010995250195264816,-0.004123218823224306,0.011606098152697086
1761395855409327600,3.01432763671875,-0.0038177953101694584,-0.005497625097632408,-0.0004581354442052543
1761395855428705500,3.03370556640625,-0.0007635590736754239,-0.003970507066696882,0.0007635590736754239
1761395855448083500,3.05308349609375,-0.001374406274408102,0.005650337319821119,0.0038177953101694584
1761395855467461000,3.072461181640625,-0.00259610079228878,0.0050394898280501366,-0.005955760832875967
1761395855486839000,3.091839111328125,-0.0010689827613532543,0.0024433890357613564,-0.0022906772792339325
1761395855506217000,3.111217041015625,0.0007635590736754239,0.0009162708884105086,-0.00259610079228878
1761395855525595000,3.130594970703125,0.0010689827613532543,-0.011453386396169662,-0.014660334214568138
1761395855544972800,3.149972900390625,0.00259610079228878,-0.005803049076348543,-0.00259610079228878
1761395855564350700,3.169350830078125,0.005650337319821119,0.005803049076348543,0.010689826682209969
1761395855583728600,3.188728759765625,0.004123218823224306,0.007941014133393764,0.0029015245381742716
1761395855603106600,3.2081064453125,0.0022906772792339325,0.0024433890357613564,0.0016798300202935934
1761395855622484200,3.227484130859375,0.0007635590736754239,0.004886778071522713,0.0038177953101694584
1761395855641862100,3.246862060546875,0.00015271181473508477,-0.0009162708884105086,-0.006261184345930815
1761395855661240000,3.266239990234375,-0.0004581354442052543,-0.0030542362947016954,-0.006719320081174374
1761395855680618000,3.285617919921875,0.00015271181473508477,-0.002748812548816204,0.0050394898280501366
1761395855699996000,3.304995849609375,0.0007635590736754239,0.0021379655227065086,0.004123218823224306
1761395855719373800,3.324373779296875,-0.0016798300202935934,0.004428642801940441,0.0032069480512291193
1761395855738751700,3.343751708984375,-0.0029015245381742716,0.0007635590736754239,0.001374406274408102
1761395855758129400,3.36312939453125,-0.0016798300202935934,0.001374406274408102,0.0029015245381742716
1761395855777507300,3.38250732421875,-0.0007635590736754239,0.00015271181473508477,0.0038177953101694584
1761395855796885200,3.40188525390625,0.001985253533348441,0.0012216945178806782,0.005955760832875967
1761395855816263200,3.42126318359375,0.0029015245381742716,-0.006413896102458239,0.0010689827613532543
1761395855835641000,3.44064111328125,0.00259610079228878,0.0006108472589403391,0.004428642801940441
1761395855855019000,3.46001904296875,0.00015271181473508477,0.007177455350756645,0.0007635590736754239
1761395855874397000,3.47939697265625,0.0007635590736754239,0.0024433890357613564,-0.0016798300202935934
1761395855893774800,3.49877490234375,0.0007635590736754239,-0.004886778071522713,0.0022906772792339325
1761395855913152500,3.518152587890625,0.0004581354442052543,0.00030542362947016954,0.004123218823224306
1761395855932530400,3.537530517578125,0.001985253533348441,0.0038177953101694584,0.0022906772792339325
1761395855951908400,3.556908447265625,0.0022906772792339325,-0.0009162708884105086,0.0004581354442052543
1761395855971286300,3.576286376953125,0.0004581354442052543,-0.0030542362947016954,-0.005803049076348543
1761395855990664200,3.595664306640625,-0.001374406274408102,-0.0036650835536420345,-0.004123218823224306
1761395856010042000,3.6150419921875,0.0022906772792339325,0.006108472589403391,0.0050394898280501366
1761395856029420000,3.634419921875,0.0016798300202935934,0.008704573847353458,0.0022906772792339325
1761395856048798000,3.6537978515625,-0.00259610079228878,0.001985253533348441,0.0010689827613532543
1761395856068175600,3.673175537109375,-0.0022906772792339325,-0.0016798300202935934,0.0032069480512291193
1761395856087553500,3.692553466796875,-0.0035123717971146107,-0.0010689827613532543,0.004428642801940441
1761395856106931500,3.711931396484375,-0.006261184345930815,0.0035123717971146107,0.001374406274408102
1761395856126309400,3.731309326171875,-0.0032069480512291193,0.007788302376866341,-0.0004581354442052543
1761395856145687300,3.750687255859375,0.004428642801940441,0.014507622458040714,0.001985253533348441
1761395856165065200,3.770065185546875,0.005650337319821119,0.014813045971095562,0.001374406274408102
1761395856184443000,3.78944287109375,-0.0004581354442052543,0.0018325417768210173,-0.010078979656100273
1761395856203820800,3.80882080078125,-0.0065666078589856625,-0.013133215717971325,-0.01038440316915512
1761395856223198700,3.82819873046875,-0.0032069480512291193,-0.008857285603880882,-0.0022906772792339325
1761395856242576600,3.84757666015625,0.004123218823224306,0.0012216945178806782,0.0007635590736754239
1761395856261954600,3.86695458984375,0.008704573847353458,0.004275931045413017,-0.0029015245381742716
1761395856281332500,3.88633251953125,0.004123218823224306,0.0009162708884105086,0.00015271181473508477
1761395856300710400,3.90571044921875,-0.001985253533348441,-0.0006108472589403391,0.0004581354442052543
1761395856320088300,3.92508837890625,-0.0029015245381742716,-0.004123218823224306,0.0029015245381742716
1761395856339466200,3.94446630859375,0.0004581354442052543,-0.004275931045413017,-0.0022906772792339325
1761395856358844000,3.963843994140625,0.0035123717971146107,-0.004886778071522713,-0.009468132629990578
1761395856378221800,3.983221923828125,0.005650337319821119,-0.004581354558467865,0.00259610079228878
1761395856397599700,4.002599853515625,0.001985253533348441,0.0021379655227065086,0.0004581354442052543
1761395856416977700,4.021977783203125,0.001374406274408102,0.0036650835536420345,-0.0068720318377017975
1761395856436355600,4.04135546875,0.0035123717971146107,0.013591351918876171,0.00015271181473508477
1761395856455733500,4.0607333984375,0.004428642801940441,0.016340164467692375,0.004428642801940441
1761395856475111200,4.080111083984375,-0.0029015245381742716,-0.0018325417768210173,-0.008857285603880882
1761395856494489000,4.099489013671875,-0.004428642801940441,-0.008857285603880882,-0.008551862090826035
1761395856513867000,4.118866943359375,-0.004734066314995289,-0.005803049076348543,-0.008551862090826035
1761395856533245000,4.138244873046875,-0.0004581354442052543,-0.01038440316915512,-0.015576604753732681
1761395856552622800,4.157622802734375,0.0010689827613532543,0.0018325417768210173,0.0029015245381742716
1761395856572000800,4.177000732421875,0.001374406274408102,0.00992626789957285,0.011606098152697086
1761395856591378700,4.196378662109375,-0.0007635590736754239,0.007177455350756645,0.004123218823224306
1761395856610756600,4.215756591796875,0.00015271181473508477,-0.0012216945178806782,0.001985253533348441
1761395856630134300,4.23513427734375,0.001985253533348441,-0.005803049076348543,-0.005344913341104984
1761395856649512200,4.25451220703125,0.0004581354442052543,-0.014507622458040714,-0.01252236869186163
1761395856668890000,4.27389013671875,0.001374406274408102,-0.008246437646448612,-0.0038177953101694584
1761395856688268000,4.29326806640625,0.004123218823224306,0.0009162708884105086,0.001985253533348441
1761395856707646000,4.31264599609375,0.0038177953101694584,0.006108472589403391,-0.0029015245381742716
1761395856727023900,4.33202392578125,0.0004581354442052543,0.002748812548816204,-0.005955760832875967
1761395856746401800,4.35140185546875,0.0004581354442052543,-0.0009162708884105086,-0.0035123717971146107
1761395856765779500,4.370779541015625,0.001374406274408102,0.0018325417768210173,-0.0032069480512291193
1761395856785157400,4.390157470703125,0.0029015245381742716,0.007024743594229221,-0.009468132629990578
1761395856804535300,4.409535400390625,0.00015271181473508477,0.00030542362947016954,0.0007635590736754239
1761395856823913200,4.428913330078125,-0.0016798300202935934,-0.008551862090826035,0.0007635590736754239
1761395856843291100,4.448291015625,0.0004581354442052543,-0.00519220158457756,-0.0038177953101694584
1761395856862669000,4.4676689453125,0.00015271181473508477,0.010995250195264816,-0.0065666078589856625
1761395856882047000,4.487046875,-0.0004581354442052543,0.008399149402976036,-0.0065666078589856625
1761395856901425000,4.5064248046875,-0.001985253533348441,-0.00030542362947016954,-0.0032069480512291193
1761395856920802600,4.525802490234375,0.00015271181473508477,-0.0036650835536420345,-0.0029015245381742716
1761395856940180500,4.545180419921875,0.0038177953101694584,0.0036650835536420345,0.007177455350756645
1761395856959558400,4.564558349609375,0.004428642801940441,0.010842538438737392,0.004428642801940441
1761395856978936300,4.583936279296875,0.0022906772792339325,0.0006108472589403391,-0.007177455350756645
1761395856998314200,4.603314208984375,0.0004581354442052543,-0.007024743594229221,-0.005955760832875967
1761395857017692200,4.622692138671875,-0.00259610079228878,-0.007330167107284069,-0.006413896102458239
1761395857037069800,4.64206982421875,-0.00015271181473508477,-0.005497625097632408,-0.005803049076348543
1761395857056447700,4.66144775390625,0.004123218823224306,0,0.004734066314995289
1761395857075825700,4.68082568359375,0.0068720318377017975,0.009468132629990578,0.001985253533348441
1761395857095203600,4.70020361328125,0.0016798300202935934,0.00916270911693573,-0.008551862090826035
1761395857114581500,4.71958154296875,-0.004428642801940441,0.0022906772792339325,-0.0032069480512291193
1761395857133959400,4.73895947265625,-0.008399149402976036,0.0068720318377017975,0.0007635590736754239
1761395857153337300,4.75833740234375,-0.010231691412627697,0.004123218823224306,-0.011300674639642239
1761395857172715300,4.77771533203125,-0.0038177953101694584,0.012675080448389053,-0.0022906772792339325
1761395857192093200,4.79709326171875,0.008399149402976036,0.02244863659143448,0.006413896102458239
1761395857211470800,4.816470947265625,0.0068720318377017975,0.003359660040587187,-0.0010689827613532543
1761395857230848800,4.835848876953125,0.0016798300202935934,-0.0012216945178806782,0.0007635590736754239
1761395857250226700,4.855226806640625,0.0016798300202935934,0.004886778071522713,0.001985253533348441
1761395857269604600,4.8746044921875,0.0022906772792339325,0.005497625097632408,-0.011606098152697086
1761395857288982500,4.893982421875,0.0035123717971146107,-0.005955760832875967,-0.019241688773036003
1761395857308360400,4.9133603515625,0.0016798300202935934,-0.01969982497394085,-0.010078979656100273
1761395857327738000,4.932738037109375,0.0010689827613532543,-0.01817270554602146,-0.0007635590736754239
1761395857347116000,4.952115966796875,0.0029015245381742716,-0.0015271181473508477,0.007788302376866341
1761395857366494000,4.971493896484375,0.004123218823224306,-0.0012216945178806782,0.00015271181473508477
1761395857385872000,4.990871826171875,-0.001985253533348441,-0.009773556143045425,-0.00916270911693573
1761395857405249800,5.010249755859375,-0.007177455350756645,-0.013438640162348747,-0.010689826682209969
1761395857424627700,5.029627685546875,-0.0050394898280501366,-0.004886778071522713,-0.009468132629990578
1761395857444005400,5.04900537109375,0.005650337319821119,-0.0030542362947016954,-0.004734066314995289
1761395857463383300,5.06838330078125,0.011453386396169662,-0.0035123717971146107,-0.008399149402976036
1761395857482761200,5.08776123046875,0.008704573847353458,-0.005650337319821119,-0.016798298805952072
1761395857502139100,5.10713916015625,0.00259610079228878,0.008246437646448612,-0.006261184345930815
1761395857521517000,5.12651708984375,-0.0004581354442052543,0.02733541466295719,0.0032069480512291193
1761395857540895000,5.14589501953125,-0.001374406274408102,0.024281177669763565,0.0016798300202935934
1761395857560273000,5.16527294921875,0.0004581354442052543,0.01847812905907631,-0.0007635590736754239
1761395857579650800,5.18465087890625,0.00259610079228878,0.00916270911693573,-0.0068720318377017975
1761395857599028700,5.20402880859375,0.0022906772792339325,0.006108472589403391,-0.005955760832875967
1761395857618406400,5.223406494140625,-0.0007635590736754239,-0.00992626789957285,-0.01435491070151329
1761395857637784300,5.242784423828125,-0.001374406274408102,-0.01572931744158268,-0.006108472589403391
1761395857657162200,5.262162353515625,-0.0007635590736754239,-0.0036650835536420345,-0.001374406274408102
1761395857676540200,5.2815400390625,-0.00015271181473508477,-0.0012216945178806782,-0.0038177953101694584
1761395857695918000,5.30091796875,0.0029015245381742716,0.00030542362947016954,0.0065666078589856625
1761395857715296000,5.3202958984375,0.0032069480512291193,0.0036650835536420345,0.007024743594229221
1761395857734673700,5.339673583984375,0.00259610079228878,-0.002748812548816204,-0.013133215717971325
1761395857754051600,5.359051513671875,-0.00259610079228878,-0.010078979656100273,-0.012216945178806782
1761395857773429500,5.378429443359375,0.0018325417768210173,-0.002748812548816204,0.007635590620338917
1761395857792807400,5.397807373046875,0.0050394898280501366,0.005497625097632408,0.01038440316915512
1761395857812185300,5.417185302734375,0.0035123717971146107,0.009773556143045425,-0.005344913341104984
1761395857831563300,5.436563232421875,-0.004428642801940441,0.0018325417768210173,-0.015576604753732681
1761395857850941200,5.455941162109375,-0.008093725889921188,-0.008551862090826035,-0.014660334214568138
1761395857870319000,5.475319091796875,-0.005497625097632408,-0.0004581354442052543,0.011300674639642239
1761395857889696800,5.49469677734375,-0.0010689827613532543,0.014507622458040714,0.011606098152697086
1761395857909074700,5.51407470703125,-0.0004581354442052543,0.004275931045413017,-0.007177455350756645
1761395857928452600,5.53345263671875,-0.0010689827613532543,0.00030542362947016954,-0.0050394898280501366
1761395857947830500,5.55283056640625,-0.0038177953101694584,0.0068720318377017975,-0.0035123717971146107
1761395857967208400,5.57220849609375,-0.007177455350756645,0.0068720318377017975,-0.008246437646448612
1761395857986586400,5.59158642578125,-0.006261184345930815,0.00015271181473508477,0.004734066314995289
1761395858005964000,5.610964111328125,-0.0038177953101694584,0.0022906772792339325,0.010689826682209969
1761395858025342000,5.630342041015625,-0.004123218823224306,0.0068720318377017975,-0.0050394898280501366
1761395858044719900,5.649719970703125,-0.0004581354442052543,0.01038440316915512,-0.007177455350756645
1761395858064097800,5.669097900390625,0.001374406274408102,0.010842538438737392,0.0022906772792339325
1761395858083475700,5.688475830078125,-0.0035123717971146107,0.008704573847353458,-0.005955760832875967
1761395858102853600,5.707853515625,-0.005955760832875967,0.007788302376866341,-0.011911521665751934
1761395858122231600,5.7272314453125,-0.0022906772792339325,0.012675080448389053,-0.005344913341104984
1761395858141609500,5.746609375,0.0038177953101694584,0.004886778071522713,0.004123218823224306
1761395858160987100,5.765987060546875,0.010231691412627697,-0.00015271181473508477,0.005344913341104984
1761395858180365000,5.785364990234375,0.011147962883114815,0.001985253533348441,0.0029015245381742716
1761395858199743000,5.804742919921875,0.0029015245381742716,0.009773556143045425,-0.0032069480512291193
1761395858219121000,5.824120849609375,-0.0050394898280501366,0.0022906772792339325,-0.005344913341104984
1761395858238498800,5.843498779296875,-0.005344913341104984,0.001985253533348441,0.0050394898280501366
1761395858257876700,5.862876708984375,-0.0029015245381742716,0.007788302376866341,0.0065666078589856625
1761395858277254400,5.88225439453125,-0.0035123717971146107,0.005955760832875967,-0.0022906772792339325
1761395858296632300,5.90163232421875,-0.0032069480512291193,-0.005497625097632408,-0.001374406274408102
1761395858316010200,5.92101025390625,0.004428642801940441,0,0.005344913341104984
1761395858335388200,5.94038818359375,0.007788302376866341,0.012827792204916477,-0.00015271181473508477
1761395858354766000,5.95976611328125,0.004123218823224306,0.00992626789957285,0.0004581354442052543
1761395858374144000,5.97914404296875,0.0004581354442052543,-0.0018325417768210173,0.004428642801940441
1761395858393522000,5.99852197265625,-0.00015271181473508477,-0.0030542362947016954,-0.00015271181473508477
1761395858412899800,6.01789990234375,0.0007635590736754239,0.00519220158457756,-0.007941014133393764
1761395858432277500,6.037277587890625,-0.001985253533348441,0.014202198944985867,-0.01252236869186163
1761395858451655400,6.056655517578125,-0.004428642801940441,0.013896775431931019,-0.0032069480512291193
1761395858471033300,6.076033447265625,-0.006261184345930815,0.011453386396169662,0.005344913341104984
1761395858490411300,6.095411376953125,-0.0032069480512291193,0.018783552572131157,0.0010689827613532543
1761395858509789200,6.1147890625,-0.0010689827613532543,0.003970507066696882,-0.005344913341104984
1761395858529167000,6.1341669921875,0.0022906772792339325,-0.01572931744158268,-0.008551862090826035
1761395858548544800,6.153544677734375,0.0022906772792339325,-0.014813045971095562,-0.014660334214568138
1761395858567922700,6.172922607421875,0.004123218823224306,-0.006719320081174374,-0.004123218823224306
1761395858587300600,6.192300537109375,0.007177455350756645,0.004581354558467865,0.013744063675403595
1761395858606678500,6.211678466796875,0.004734066314995289,0.01038440316915512,-0.0007635590736754239
1761395858626056400,6.231056396484375,0.0004581354442052543,0.0024433890357613564,-0.005650337319821119
1761395858645434400,6.250434326171875,0.00030542362947016954,0.004428642801940441,0.01435491070151329
1761395858664812300,6.269812255859375,-0.0035123717971146107,0.00030542362947016954,0.0007635590736754239
1761395858684190200,6.289190185546875,-0.00259610079228878,-0.007330167107284069,-0.008857285603880882
1761395858703568000,6.30856787109375,0.00259610079228878,-0.0030542362947016954,0.0032069480512291193
1761395858722945800,6.32794580078125,0.007482878863811493,0.0021379655227065086,0.007788302376866341
1761395858742323700,6.34732373046875,0.00259610079228878,-0.005803049076348543,-0.0032069480512291193
1761395858761701600,6.36670166015625,-0.00259610079228878,-0.003970507066696882,-0.008551862090826035
1761395858781079600,6.38607958984375,-0.00015271181473508477,-0.004275931045413017,-0.001985253533348441
1761395858800457500,6.40545751953125,0.007177455350756645,-0.0012216945178806782,0.0029015245381742716
1761395858819835100,6.424835205078125,0.00992626789957285,0.00030542362947016954,-0.0016798300202935934
1761395858839213000,6.444213134765625,0.006261184345930815,-0.0021379655227065086,-0.001374406274408102
1761395858858591000,6.463591064453125,0.001985253533348441,-0.002748812548816204,0.001374406274408102
1761395858877969000,6.482968994140625,0.0004581354442052543,-0.0018325417768210173,-0.0035123717971146107
1761395858897346800,6.502346923828125,0.0035123717971146107,0.00030542362947016954,0.0007635590736754239
1761395858916724700,6.521724853515625,0.007177455350756645,0.002748812548816204,0.01038440316915512
1761395858936102700,6.5411025390625,0.0050394898280501366,-0.003970507066696882,-0.0007635590736754239
1761395858955480600,6.56048046875,0.0022906772792339325,-0.0024433890357613564,-0.00259610079228878
1761395858974858200,6.579858154296875,-0.0007635590736754239,0.0021379655227065086,0.0007635590736754239
1761395858994236200,6.599236083984375,-0.0004581354442052543,0.0022906772792339325,0.005650337319821119
1761395859013614000,6.618614013671875,-0.0032069480512291193,0.004734066314995289,0.0004581354442052543
1761395859032992000,6.637991943359375,-0.0065666078589856625,-0.0007635590736754239,-0.006719320081174374
1761395859052370000,6.657369873046875,-0.004123218823224306,0.001374406274408102,0.009468132629990578
1761395859071747800,6.676747802734375,-0.0016798300202935934,0.005650337319821119,0.011606098152697086
1761395859091125500,6.69612548828125,-0.0010689827613532543,0.0050394898280501366,-0.0004581354442052543
1761395859110503400,6.71550341796875,-0.0029015245381742716,0.004123218823224306,-0.001374406274408102
1761395859129881300,6.73488134765625,-0.0065666078589856625,0.0050394898280501366,0.001374406274408102
1761395859149259300,6.75425927734375,-0.001374406274408102,0.0029015245381742716,0.005955760832875967
1761395859168637200,6.77363720703125,-0.00030542362947016954,-0.005344913341104984,0.016798298805952072
1761395859188015000,6.79301513671875,0.0007635590736754239,-0.004275931045413017,-0.00259610079228878
1761395859207393000,6.81239306640625,-0.00015271181473508477,-0.0036650835536420345,-0.011300674639642239
1761395859226771000,6.83177099609375,0.0016798300202935934,-0.0009162708884105086,0.008551862090826035
1761395859246148600,6.851148681640625,-0.0007635590736754239,-0.003359660040587187,0.0007635590736754239
1761395859265526500,6.870526611328125,-0.00015271181473508477,0.0021379655227065086,-0.004428642801940441
1761395859284904400,6.889904541015625,0.0038177953101694584,0.013591351918876171,0.010078979656100273
1761395859304282400,6.909282470703125,0.0004581354442052543,-0.0009162708884105086,0.0007635590736754239
1761395859323660300,6.928660400390625,-0.004123218823224306,-0.016798298805952072,-0.006413896102458239
1761395859343038200,6.9480380859375,-0.0016798300202935934,-0.007330167107284069,-0.0010689827613532543
1761395859362415900,6.967415771484375,-0.0022906772792339325,0.008093725889921188,-0.001985253533348441
1761395859381793800,6.986793701171875,0.0004581354442052543,0.009620844386518002,0.0010689827613532543
1761395859401171700,7.006171630859375,0.004734066314995289,-0.0018325417768210173,0.0022906772792339325
1761395859420549600,7.025549560546875,0.008399149402976036,0.0006108472589403391,-0.0007635590736754239
1761395859439927600,7.044927490234375,0.005344913341104984,0.005803049076348543,-0.0038177953101694584
1761395859459305500,7.064305419921875,-0.0038177953101694584,-0.0004581354442052543,0.00015271181473508477
1761395859478683400,7.083683349609375,-0.007482878863811493,-0.005344913341104984,0.0007635590736754239
1761395859498061000,7.10306103515625,-0.004428642801940441,-0.007941014133393764,-0.0032069480512291193
1761395859517439000,7.12243896484375,0.0038177953101694584,-0.005497625097632408,-0.0035123717971146107
1761395859536817000,7.14181689453125,0.007482878863811493,-0.00030542362947016954,-0.0029015245381742716
1761395859556194800,7.16119482421875,0.0022906772792339325,-0.0036650835536420345,-0.009773556143045425
1761395859575572700,7.18057275390625,-0.001985253533348441,-0.007330167107284069,-0.0007635590736754239
1761395859594950700,7.19995068359375,-0.001985253533348441,-0.0007635590736754239,0.005344913341104984
1761395859614328600,7.21932861328125,0.0004581354442052543,0.0050394898280501366,0.0016798300202935934
1761395859633706200,7.238706298828125,0.0022906772792339325,0.009009997360408306,0.008246437646448612
1761395859653084200,7.258084228515625,-0.0007635590736754239,-0.0007635590736754239,0.004428642801940441
1761395859672462000,7.277462158203125,-0.004428642801940441,-0.001985253533348441,-0.001985253533348441
1761395859691840000,7.296840087890625,-0.0016798300202935934,0.006261184345930815,-0.00015271181473508477
1761395859711218000,7.316218017578125,-0.00015271181473508477,0.017561858519911766,-0.0010689827613532543
1761395859730595800,7.335595947265625,-0.0035123717971146107,0.011147962883114815,-0.005955760832875967
1761395859749973500,7.354973388671875,-0.006261184345930815,0.0029015245381742716,-0.0016798300202935934
1761395859769351400,7.374351318359375,-0.0038177953101694584,-0.0016798300202935934,0.008093725889921188
1761395859788729300,7.393729248046875,-0.00259610079228878,-0.00519220158457756,0.0032069480512291193
1761395859808107300,7.413107177734375,0.0007635590736754239,-0.006413896102458239,-0.001374406274408102
1761395859827485200,7.432485107421875,0.00015271181473508477,0.0006108472589403391,-0.0022906772792339325
1761395859846863000,7.451863037109375,-0.001985253533348441,0.004734066314995289,-0.005955760832875967
1761395859866241000,7.471240966796875,-0.0029015245381742716,0.004886778071522713,-0.010078979656100273
1761395859885618700,7.49061865234375,-0.0010689827613532543,-0.006719320081174374,-0.007941014133393764
1761395859904996600,7.50999658203125,0.0032069480512291193,-0.010078979656100273,-0.001985253533348441
1761395859924374500,7.52937451171875,0.009009997360408306,-0.0012216945178806782,0.001374406274408102
1761395859943752400,7.54875244140625,0.008399149402976036,-0.0006108472589403391,-0.004428642801940441
1761395859963130400,7.56813037109375,0.005650337319821119,-0.0036650835536420345,0.0032069480512291193
1761395859982508300,7.58750830078125,0.001985253533348441,-0.0006108472589403391,0.0050394898280501366
1761395860001886000,7.606885986328125,0.00015271181473508477,-0.006108472589403391,-0.006719320081174374
1761395860021264000,7.626263916015625,0.00259610079228878,-0.003359660040587187,-0.004734066314995289
1761395860040641800,7.645641845703125,0.004428642801940441,0.0009162708884105086,-0.0010689827613532543
1761395860060019700,7.665019775390625,0.0029015245381742716,0.0030542362947016954,0.001985253533348441
1761395860079397600,7.684397705078125,-0.0022906772792339325,-0.003359660040587187,-0.005650337319821119
1761395860098775600,7.703775634765625,-0.005650337319821119,-0.009468132629990578,-0.0022906772792339325
1761395860118153500,7.723153564453125,-0.0038177953101694584,0.001985253533348441,0.0022906772792339325
1761395860137531400,7.742531494140625,0.001985253533348441,0.005803049076348543,0.00015271181473508477
1761395860156909000,7.761908935546875,0.004734066314995289,-0.0015271181473508477,-0.00259610079228878
1761395860176287000,7.781286865234375,0.004734066314995289,-0.00519220158457756,-0.0010689827613532543
1761395860195665000,7.800664794921875,0.00259610079228878,-0.0018325417768210173,-0.008551862090826035
1761395860215042800,7.820042724609375,0.0007635590736754239,-0.002748812548816204,-0.004123218823224306
1761395860234420700,7.839420654296875,0.001374406274408102,-0.00030542362947016954,0.001985253533348441
1761395860253798700,7.858798583984375,0.00259610079228878,-0.004886778071522713,0.0016798300202935934
1761395860273176300,7.87817626953125,0.0004581354442052543,-0.004581354558467865,-0.0007635590736754239
1761395860292554200,7.89755419921875,0.00015271181473508477,0.0030542362947016954,0.00015271181473508477
1761395860311932200,7.91693212890625,0.0010689827613532543,0,-0.0022906772792339325
1761395860331310000,7.93631005859375,0.0029015245381742716,0.003359660040587187,-0.0016798300202935934
1761395860350688000,7.95568798828125,0.0035123717971146107,0.005497625097632408,0.0029015245381742716
1761395860370066000,7.97506591796875,0.0007635590736754239,0.002748812548816204,-0.00259610079228878
1761395860389443800,7.99444384765625,-0.0029015245381742716,-0.0024433890357613564,-0.004734066314995289
1761395860408821500,8.013821533203124,-0.00015271181473508477,-0.006719320081174374,-0.0016798300202935934
1761395860428199400,8.033199462890625,0.005955760832875967,-0.0009162708884105086,0.007482878863811493
1761395860447577300,8.052577392578126,0.004123218823224306,0.0024433890357613564,0.0035123717971146107
1761395860466955300,8.071955322265625,0.00015271181473508477,0.003359660040587187,-0.005803049076348543
1761395860486333200,8.091333251953126,-0.0004581354442052543,0.0065666078589856625,0.007941014133393764
1761395860505711000,8.110711181640625,0.0035123717971146107,0.009620844386518002,0.0038177953101694584
1761395860525088800,8.1300888671875,0.001985253533348441,0.005497625097632408,-0.009773556143045425
1761395860544466700,8.149466796875,-0.0010689827613532543,-0.008246437646448612,-0.011606098152697086
1761395860563844600,8.1688447265625,-0.0015271181473508477,-0.013744063675403595,0.0029015245381742716
1761395860583222500,8.188222412109376,0.005344913341104984,-0.008246437646448612,0.0022906772792339325
1761395860602607400,8.207607421875,0.008399149402976036,-0.0022906772792339325,-0.007177455350756645
1761395860621985300,8.2269853515625,0.009620844386518002,-0.0009162708884105086,0.0032069480512291193
1761395860641363200,8.24636328125,0.004428642801940441,0.0021379655227065086,0.00015271181473508477
1761395860660741000,8.2657412109375,-0.0004581354442052543,-0.00030542362947016954,-0.008246437646448612
1761395860680119000,8.285119140625,-0.001985253533348441,-0.006719320081174374,-0.00259610079228878
1761395860699496700,8.30449658203125,-0.0004581354442052543,-0.005497625097632408,-0.005497625097632408
1761395860718874600,8.32387451171875,0.0004581354442052543,0.0009162708884105086,-0.004428642801940441
1761395860738252500,8.34325244140625,0.0007635590736754239,0.008093725889921188,0.011606098152697086
1761395860757630500,8.36263037109375,-0.0050394898280501366,0.0010689827613532543,0.004428642801940441
1761395860777008400,8.38200830078125,-0.005955760832875967,0.012064233422279358,-0.0010689827613532543
1761395860796386300,8.40138623046875,-0.00015271181473508477,0.00992626789957285,0.0007635590736754239
1761395860815764000,8.420763916015625,-0.0007635590736754239,0.005650337319821119,0.004428642801940441
1761395860835142000,8.440141845703126,-0.005955760832875967,0.0009162708884105086,-0.009468132629990578
1761395860854519800,8.459519775390625,-0.008399149402976036,-0.007330167107284069,-0.008857285603880882
1761395860873897700,8.478897705078126,-0.005955760832875967,0.00015271181473508477,0.0007635590736754239
1761395860893275600,8.498275634765625,-0.007177455350756645,0.0022906772792339325,-0.0065666078589856625
1761395860912653600,8.517653564453125,-0.008399149402976036,-0.010078979656100273,-0.007941014133393764
1761395860932031500,8.537031494140624,-0.006413896102458239,-0.008704573847353458,0.016187451779842377
1761395860951409400,8.556409423828125,-0.0024433890357613564,-0.008246437646448612,-0.0016798300202935934
1761395860970787000,8.575787109375,0.005650337319821119,0.0009162708884105086,-0.011300674639642239
1761395860990165000,8.5951650390625,0.008399149402976036,-0.0006108472589403391,-0.005955760832875967
1761395861009543000,8.61454296875,0.007177455350756645,0.0015271181473508477,0.0032069480512291193
1761395861028920800,8.6339208984375,0.0022906772792339325,-0.0009162708884105086,0.0050394898280501366
1761395861048298800,8.653298828125,-0.00015271181473508477,-0.005497625097632408,-0.004428642801940441
1761395861067676700,8.6726767578125,-0.0016798300202935934,-0.0015271181473508477,-0.0032069480512291193
1761395861087054300,8.692054443359375,0.0022906772792339325,0.0009162708884105086,0.0004581354442052543
1761395861106432300,8.711432373046875,0.0050394898280501366,0.0036650835536420345,0.005344913341104984
1761395861125810200,8.73081005859375,0.0038177953101694584,-0.0012216945178806782,-0.0004581354442052543
1761395861145188000,8.75018798828125,0.001374406274408102,0.006108472589403391,-0.001985253533348441
1761395861164566000,8.76956591796875,-0.001985253533348441,-0.0032069480512291193,0.007482878863811493
1761395861183944000,8.78894384765625,-0.0022906772792339325,-0.006413896102458239,-0.0029015245381742716
1761395861203321900,8.80832177734375,-0.00015271181473508477,0.005344913341104984,0.0035123717971146107
1761395861222699500,8.827699462890624,0.0004581354442052543,0.00992626789957285,0.0035123717971146107
1761395861242077400,8.847077392578125,-0.0022906772792339325,-0.0015271181473508477,-0.0038177953101694584
1761395861261455400,8.866455322265624,-0.004123218823224306,-0.010078979656100273,-0.004275931045413017
1761395861280833300,8.885833251953125,-0.004428642801940441,0.0010689827613532543,-0.00015271181473508477
1761395861300211200,8.905211181640626,-0.004734066314995289,-0.003970507066696882,-0.006413896102458239
1761395861319589000,8.924589111328125,-0.0038177953101694584,-0.008857285603880882,0.0016798300202935934
1761395861338966800,8.943966796875,-0.0012216945178806782,-0.0004581354442052543,0.011300674639642239
1761395861358344700,8.9633447265625,0.0010689827613532543,0.01175880990922451,0.007177455350756645
1761395861377722600,8.98272265625,-0.0016798300202935934,0.013591351918876171,0.015271181240677834
1761395861397100500,9.0021005859375,-0.009009997360408306,0.001374406274408102,0.00992626789957285
1761395861416478500,9.021478515625,-0.015576604753732681,0.037108972668647766,0.08460234850645065
1761395861435856400,9.0408564453125,-0.0022906772792339325,0.06917845457792282,0.20341213047504425
1761395861455234300,9.060234375,-0.004275931045413017,0.015271181240677834,0.1044548824429512
1761395861474612000,9.079612060546875,0.007330167107284069,-0.0021379655227065086,0.018630841746926308
1761395861493990000,9.098989990234376,0.009009997360408306,-0.024128466844558716,-0.034665580838918686
1761395861513367800,9.118367919921875,-0.011300674639642239,-0.06032116711139679,-0.1319430023431778
1761395861532745700,9.137745849609376,-0.021532366052269936,-0.05741964280605316,-0.11926792562007904
